Workbook

Sheet Insumos
A1: ID | B1: Nome | C1: Unidade | D1: Minimo | E1: Prioridade | F1: Ativo | G1: Ult_contagem | H1: Saldo | I1: Status
A2: estilete | B2: estilete | C2: Uni | D2: 0 | F2: TRUE | G2: =MAXIFS(Movimentos!B:B,Movimentos!C:C,A2,Movimentos!D:D,"Contagem") | H2: =SUMIFS(Movimentos!E:E,Movimentos!C:C,A2,Movimentos!D:D,"Contagem",Movimentos!B:B,G2)+SUMIFS(Movimentos!E:E,Movimentos!C:C,A2,Movimentos!D:D,"Entrada",Movimentos!B:B,">"&G2)-SUMIFS(Movimentos!E:E,Movimentos!C:C,A2,Movimentos!D:D,"Saída",Movimentos!B:B,">"&G2) | I2: =IF(H2<=0,"Zerado",IF(AND(D2>0,H2<D2),"Baixo","OK"))
A3: shipping-100x100 | B3: etiqueta shipping label 100x100 | C3: Uni | D3: 0 | F3: TRUE | G3: =MAXIFS(Movimentos!B:B,Movimentos!C:C,A3,Movimentos!D:D,"Contagem") | H3: =SUMIFS(Movimentos!E:E,Movimentos!C:C,A3,Movimentos!D:D,"Contagem",Movimentos!B:B,G3)+SUMIFS(Movimentos!E:E,Movimentos!C:C,A3,Movimentos!D:D,"Entrada",Movimentos!B:B,">"&G3)-SUMIFS(Movimentos!E:E,Movimentos!C:C,A3,Movimentos!D:D,"Saída",Movimentos!B:B,">"&G3) | I3: =IF(H3<=0,"Zerado",IF(AND(D3>0,H3<D3),"Baixo","OK"))
A4: shipping-100x150 | B4: etiqueta shipping label 100x150 | C4: Uni | D4: 0 | F4: TRUE | G4: =MAXIFS(Movimentos!B:B,Movimentos!C:C,A4,Movimentos!D:D,"Contagem") | H4: =SUMIFS(Movimentos!E:E,Movimentos!C:C,A4,Movimentos!D:D,"Contagem",Movimentos!B:B,G4)+SUMIFS(Movimentos!E:E,Movimentos!C:C,A4,Movimentos!D:D,"Entrada",Movimentos!B:B,">"&G4)-SUMIFS(Movimentos!E:E,Movimentos!C:C,A4,Movimentos!D:D,"Saída",Movimentos!B:B,">"&G4) | I4: =IF(H4<=0,"Zerado",IF(AND(D4>0,H4<D4),"Baixo","OK"))
A5: etq-termica-100x100 | B5: etiqueta térmica branca 100x100 | C5: Uni | D5: 0 | E5: 2 | F5: TRUE | G5: =MAXIFS(Movimentos!B:B,Movimentos!C:C,A5,Movimentos!D:D,"Contagem") | H5: =SUMIFS(Movimentos!E:E,Movimentos!C:C,A5,Movimentos!D:D,"Contagem",Movimentos!B:B,G5)+SUMIFS(Movimentos!E:E,Movimentos!C:C,A5,Movimentos!D:D,"Entrada",Movimentos!B:B,">"&G5)-SUMIFS(Movimentos!E:E,Movimentos!C:C,A5,Movimentos!D:D,"Saída",Movimentos!B:B,">"&G5) | I5: =IF(H5<=0,"Zerado",IF(AND(D5>0,H5<D5),"Baixo","OK"))
A6: etq-termica-100x150 | B6: etiqueta térmica branca 100x150 | C6: Uni | D6: 0 | E6: 1 | F6: TRUE | G6: =MAXIFS(Movimentos!B:B,Movimentos!C:C,A6,Movimentos!D:D,"Contagem") | H6: =SUMIFS(Movimentos!E:E,Movimentos!C:C,A6,Movimentos!D:D,"Contagem",Movimentos!B:B,G6)+SUMIFS(Movimentos!E:E,Movimentos!C:C,A6,Movimentos!D:D,"Entrada",Movimentos!B:B,">"&G6)-SUMIFS(Movimentos!E:E,Movimentos!C:C,A6,Movimentos!D:D,"Saída",Movimentos!B:B,">"&G6) | I6: =IF(H6<=0,"Zerado",IF(AND(D6>0,H6<D6),"Baixo","OK"))
A7: fita-adesiva | B7: fita adesiva | C7: Uni | D7: 0 | E7: 5 | F7: TRUE | G7: =MAXIFS(Movimentos!B:B,Movimentos!C:C,A7,Movimentos!D:D,"Contagem") | H7: =SUMIFS(Movimentos!E:E,Movimentos!C:C,A7,Movimentos!D:D,"Contagem",Movimentos!B:B,G7)+SUMIFS(Movimentos!E:E,Movimentos!C:C,A7,Movimentos!D:D,"Entrada",Movimentos!B:B,">"&G7)-SUMIFS(Movimentos!E:E,Movimentos!C:C,A7,Movimentos!D:D,"Saída",Movimentos!B:B,">"&G7) | I7: =IF(H7<=0,"Zerado",IF(AND(D7>0,H7<D7),"Baixo","OK"))
A8: fita-transp-personalizada | B8: fita adesiva transparente personalizada | C8: Uni | D8: 0 | F8: TRUE | G8: =MAXIFS(Movimentos!B:B,Movimentos!C:C,A8,Movimentos!D:D,"Contagem") | H8: =SUMIFS(Movimentos!E:E,Movimentos!C:C,A8,Movimentos!D:D,"Contagem",Movimentos!B:B,G8)+SUMIFS(Movimentos!E:E,Movimentos!C:C,A8,Movimentos!D:D,"Entrada",Movimentos!B:B,">"&G8)-SUMIFS(Movimentos!E:E,Movimentos!C:C,A8,Movimentos!D:D,"Saída",Movimentos!B:B,">"&G8) | I8: =IF(H8<=0,"Zerado",IF(AND(D8>0,H8<D8),"Baixo","OK"))
A9: fita-antiderrapante | B9: fita antiderrapante | C9: Uni | D9: 0 | F9: TRUE | G9: =MAXIFS(Movimentos!B:B,Movimentos!C:C,A9,Movimentos!D:D,"Contagem") | H9: =SUMIFS(Movimentos!E:E,Movimentos!C:C,A9,Movimentos!D:D,"Contagem",Movimentos!B:B,G9)+SUMIFS(Movimentos!E:E,Movimentos!C:C,A9,Movimentos!D:D,"Entrada",Movimentos!B:B,">"&G9)-SUMIFS(Movimentos!E:E,Movimentos!C:C,A9,Movimentos!D:D,"Saída",Movimentos!B:B,">"&G9) | I9: =IF(H9<=0,"Zerado",IF(AND(D9>0,H9<D9),"Baixo","OK"))
A10: fita-dem-amarela | B10: fita demarcação amarela | C10: Uni | D10: 0 | F10: TRUE | G10: =MAXIFS(Movimentos!B:B,Movimentos!C:C,A10,Movimentos!D:D,"Contagem") | H10: =SUMIFS(Movimentos!E:E,Movimentos!C:C,A10,Movimentos!D:D,"Contagem",Movimentos!B:B,G10)+SUMIFS(Movimentos!E:E,Movimentos!C:C,A10,Movimentos!D:D,"Entrada",Movimentos!B:B,">"&G10)-SUMIFS(Movimentos!E:E,Movimentos!C:C,A10,Movimentos!D:D,"Saída",Movimentos!B:B,">"&G10) | I10: =IF(H10<=0,"Zerado",IF(AND(D10>0,H10<D10),"Baixo","OK"))
A11: fita-dem-azul | B11: fita demarcação azul | C11: Uni | D11: 0 | F11: TRUE | G11: =MAXIFS(Movimentos!B:B,Movimentos!C:C,A11,Movimentos!D:D,"Contagem") | H11: =SUMIFS(Movimentos!E:E,Movimentos!C:C,A11,Movimentos!D:D,"Contagem",Movimentos!B:B,G11)+SUMIFS(Movimentos!E:E,Movimentos!C:C,A11,Movimentos!D:D,"Entrada",Movimentos!B:B,">"&G11)-SUMIFS(Movimentos!E:E,Movimentos!C:C,A11,Movimentos!D:D,"Saída",Movimentos!B:B,">"&G11) | I11: =IF(H11<=0,"Zerado",IF(AND(D11>0,H11<D11),"Baixo","OK"))
A12: fita-dem-branca | B12: fita demarcação branca | C12: Uni | D12: 0 | F12: TRUE | G12: =MAXIFS(Movimentos!B:B,Movimentos!C:C,A12,Movimentos!D:D,"Contagem") | H12: =SUMIFS(Movimentos!E:E,Movimentos!C:C,A12,Movimentos!D:D,"Contagem",Movimentos!B:B,G12)+SUMIFS(Movimentos!E:E,Movimentos!C:C,A12,Movimentos!D:D,"Entrada",Movimentos!B:B,">"&G12)-SUMIFS(Movimentos!E:E,Movimentos!C:C,A12,Movimentos!D:D,"Saída",Movimentos!B:B,">"&G12) | I12: =IF(H12<=0,"Zerado",IF(AND(D12>0,H12<D12),"Baixo","OK"))
A13: fita-dem-laranja | B13: fita demarcação laranja | C13: Uni | D13: 0 | F13: TRUE | G13: =MAXIFS(Movimentos!B:B,Movimentos!C:C,A13,Movimentos!D:D,"Contagem") | H13: =SUMIFS(Movimentos!E:E,Movimentos!C:C,A13,Movimentos!D:D,"Contagem",Movimentos!B:B,G13)+SUMIFS(Movimentos!E:E,Movimentos!C:C,A13,Movimentos!D:D,"Entrada",Movimentos!B:B,">"&G13)-SUMIFS(Movimentos!E:E,Movimentos!C:C,A13,Movimentos!D:D,"Saída",Movimentos!B:B,">"&G13) | I13: =IF(H13<=0,"Zerado",IF(AND(D13>0,H13<D13),"Baixo","OK"))
A14: fita-dem-marrom | B14: fita demarcação marrom | C14: Uni | D14: 0 | F14: TRUE | G14: =MAXIFS(Movimentos!B:B,Movimentos!C:C,A14,Movimentos!D:D,"Contagem") | H14: =SUMIFS(Movimentos!E:E,Movimentos!C:C,A14,Movimentos!D:D,"Contagem",Movimentos!B:B,G14)+SUMIFS(Movimentos!E:E,Movimentos!C:C,A14,Movimentos!D:D,"Entrada",Movimentos!B:B,">"&G14)-SUMIFS(Movimentos!E:E,Movimentos!C:C,A14,Movimentos!D:D,"Saída",Movimentos!B:B,">"&G14) | I14: =IF(H14<=0,"Zerado",IF(AND(D14>0,H14<D14),"Baixo","OK"))
A15: fita-dem-verde | B15: fita demarcação verde | C15: Uni | D15: 0 | F15: TRUE | G15: =MAXIFS(Movimentos!B:B,Movimentos!C:C,A15,Movimentos!D:D,"Contagem") | H15: =SUMIFS(Movimentos!E:E,Movimentos!C:C,A15,Movimentos!D:D,"Contagem",Movimentos!B:B,G15)+SUMIFS(Movimentos!E:E,Movimentos!C:C,A15,Movimentos!D:D,"Entrada",Movimentos!B:B,">"&G15)-SUMIFS(Movimentos!E:E,Movimentos!C:C,A15,Movimentos!D:D,"Saída",Movimentos!B:B,">"&G15) | I15: =IF(H15<=0,"Zerado",IF(AND(D15>0,H15<D15),"Baixo","OK"))
A16: fita-dem-vermelha | B16: fita demarcação vermelha | C16: Uni | D16: 0 | F16: TRUE | G16: =MAXIFS(Movimentos!B:B,Movimentos!C:C,A16,Movimentos!D:D,"Contagem") | H16: =SUMIFS(Movimentos!E:E,Movimentos!C:C,A16,Movimentos!D:D,"Contagem",Movimentos!B:B,G16)+SUMIFS(Movimentos!E:E,Movimentos!C:C,A16,Movimentos!D:D,"Entrada",Movimentos!B:B,">"&G16)-SUMIFS(Movimentos!E:E,Movimentos!C:C,A16,Movimentos!D:D,"Saída",Movimentos!B:B,">"&G16) | I16: =IF(H16<=0,"Zerado",IF(AND(D16>0,H16<D16),"Baixo","OK"))
A17: fita-dem-zebrada | B17: fita demarcação zebrada | C17: Uni | D17: 0 | F17: TRUE | G17: =MAXIFS(Movimentos!B:B,Movimentos!C:C,A17,Movimentos!D:D,"Contagem") | H17: =SUMIFS(Movimentos!E:E,Movimentos!C:C,A17,Movimentos!D:D,"Contagem",Movimentos!B:B,G17)+SUMIFS(Movimentos!E:E,Movimentos!C:C,A17,Movimentos!D:D,"Entrada",Movimentos!B:B,">"&G17)-SUMIFS(Movimentos!E:E,Movimentos!C:C,A17,Movimentos!D:D,"Saída",Movimentos!B:B,">"&G17) | I17: =IF(H17<=0,"Zerado",IF(AND(D17>0,H17<D17),"Baixo","OK"))
A18: fita-zebrada-solo | B18: fita zebrada de solo | C18: Uni | D18: 0 | F18: TRUE | G18: =MAXIFS(Movimentos!B:B,Movimentos!C:C,A18,Movimentos!D:D,"Contagem") | H18: =SUMIFS(Movimentos!E:E,Movimentos!C:C,A18,Movimentos!D:D,"Contagem",Movimentos!B:B,G18)+SUMIFS(Movimentos!E:E,Movimentos!C:C,A18,Movimentos!D:D,"Entrada",Movimentos!B:B,">"&G18)-SUMIFS(Movimentos!E:E,Movimentos!C:C,A18,Movimentos!D:D,"Saída",Movimentos!B:B,">"&G18) | I18: =IF(H18<=0,"Zerado",IF(AND(D18>0,H18<D18),"Baixo","OK"))
A19: gaylord | B19: gaylord | C19: Uni | D19: 0 | E19: 4 | F19: TRUE | G19: =MAXIFS(Movimentos!B:B,Movimentos!C:C,A19,Movimentos!D:D,"Contagem") | H19: =SUMIFS(Movimentos!E:E,Movimentos!C:C,A19,Movimentos!D:D,"Contagem",Movimentos!B:B,G19)+SUMIFS(Movimentos!E:E,Movimentos!C:C,A19,Movimentos!D:D,"Entrada",Movimentos!B:B,">"&G19)-SUMIFS(Movimentos!E:E,Movimentos!C:C,A19,Movimentos!D:D,"Saída",Movimentos!B:B,">"&G19) | I19: =IF(H19<=0,"Zerado",IF(AND(D19>0,H19<D19),"Baixo","OK"))
A20: lacre | B20: lacre | C20: Uni | D20: 0 | F20: TRUE | G20: =MAXIFS(Movimentos!B:B,Movimentos!C:C,A20,Movimentos!D:D,"Contagem") | H20: =SUMIFS(Movimentos!E:E,Movimentos!C:C,A20,Movimentos!D:D,"Contagem",Movimentos!B:B,G20)+SUMIFS(Movimentos!E:E,Movimentos!C:C,A20,Movimentos!D:D,"Entrada",Movimentos!B:B,">"&G20)-SUMIFS(Movimentos!E:E,Movimentos!C:C,A20,Movimentos!D:D,"Saída",Movimentos!B:B,">"&G20) | I20: =IF(H20<=0,"Zerado",IF(AND(D20>0,H20<D20),"Baixo","OK"))
A21: plastico-bolha | B21: plástico-bolha | C21: Uni | D21: 0 | F21: TRUE | G21: =MAXIFS(Movimentos!B:B,Movimentos!C:C,A21,Movimentos!D:D,"Contagem") | H21: =SUMIFS(Movimentos!E:E,Movimentos!C:C,A21,Movimentos!D:D,"Contagem",Movimentos!B:B,G21)+SUMIFS(Movimentos!E:E,Movimentos!C:C,A21,Movimentos!D:D,"Entrada",Movimentos!B:B,">"&G21)-SUMIFS(Movimentos!E:E,Movimentos!C:C,A21,Movimentos!D:D,"Saída",Movimentos!B:B,">"&G21) | I21: =IF(H21<=0,"Zerado",IF(AND(D21>0,H21<D21),"Baixo","OK"))
A22: ribbon | B22: ribbon | C22: Uni | D22: 0 | F22: TRUE | G22: =MAXIFS(Movimentos!B:B,Movimentos!C:C,A22,Movimentos!D:D,"Contagem") | H22: =SUMIFS(Movimentos!E:E,Movimentos!C:C,A22,Movimentos!D:D,"Contagem",Movimentos!B:B,G22)+SUMIFS(Movimentos!E:E,Movimentos!C:C,A22,Movimentos!D:D,"Entrada",Movimentos!B:B,">"&G22)-SUMIFS(Movimentos!E:E,Movimentos!C:C,A22,Movimentos!D:D,"Saída",Movimentos!B:B,">"&G22) | I22: =IF(H22<=0,"Zerado",IF(AND(D22>0,H22<D22),"Baixo","OK"))
A23: sacas-rafia | B23: sacas de ráfia transparentes | C23: Uni | D23: 0 | F23: TRUE | G23: =MAXIFS(Movimentos!B:B,Movimentos!C:C,A23,Movimentos!D:D,"Contagem") | H23: =SUMIFS(Movimentos!E:E,Movimentos!C:C,A23,Movimentos!D:D,"Contagem",Movimentos!B:B,G23)+SUMIFS(Movimentos!E:E,Movimentos!C:C,A23,Movimentos!D:D,"Entrada",Movimentos!B:B,">"&G23)-SUMIFS(Movimentos!E:E,Movimentos!C:C,A23,Movimentos!D:D,"Saída",Movimentos!B:B,">"&G23) | I23: =IF(H23<=0,"Zerado",IF(AND(D23>0,H23<D23),"Baixo","OK"))
A24: stretch | B24: stretch | C24: Uni | D24: 0 | E24: 3 | F24: TRUE | G24: =MAXIFS(Movimentos!B:B,Movimentos!C:C,A24,Movimentos!D:D,"Contagem") | H24: =SUMIFS(Movimentos!E:E,Movimentos!C:C,A24,Movimentos!D:D,"Contagem",Movimentos!B:B,G24)+SUMIFS(Movimentos!E:E,Movimentos!C:C,A24,Movimentos!D:D,"Entrada",Movimentos!B:B,">"&G24)-SUMIFS(Movimentos!E:E,Movimentos!C:C,A24,Movimentos!D:D,"Saída",Movimentos!B:B,">"&G24) | I24: =IF(H24<=0,"Zerado",IF(AND(D24>0,H24<D24),"Baixo","OK"))
A25: stretch-paredao | B25: stretch — paredão | C25: Uni | D25: 0 | F25: TRUE | G25: =MAXIFS(Movimentos!B:B,Movimentos!C:C,A25,Movimentos!D:D,"Contagem") | H25: =SUMIFS(Movimentos!E:E,Movimentos!C:C,A25,Movimentos!D:D,"Contagem",Movimentos!B:B,G25)+SUMIFS(Movimentos!E:E,Movimentos!C:C,A25,Movimentos!D:D,"Entrada",Movimentos!B:B,">"&G25)-SUMIFS(Movimentos!E:E,Movimentos!C:C,A25,Movimentos!D:D,"Saída",Movimentos!B:B,">"&G25) | I25: =IF(H25<=0,"Zerado",IF(AND(D25>0,H25<D25),"Baixo","OK"))
A26: sulfite-a4 | B26: sulfite A4 branca | C26: pacotes | D26: 0 | F26: TRUE | G26: =MAXIFS(Movimentos!B:B,Movimentos!C:C,A26,Movimentos!D:D,"Contagem") | H26: =SUMIFS(Movimentos!E:E,Movimentos!C:C,A26,Movimentos!D:D,"Contagem",Movimentos!B:B,G26)+SUMIFS(Movimentos!E:E,Movimentos!C:C,A26,Movimentos!D:D,"Entrada",Movimentos!B:B,">"&G26)-SUMIFS(Movimentos!E:E,Movimentos!C:C,A26,Movimentos!D:D,"Saída",Movimentos!B:B,">"&G26) | I26: =IF(H26<=0,"Zerado",IF(AND(D26>0,H26<D26),"Baixo","OK"))

Sheet Movimentos
A1: ID | B1: Data_hora | C1: Insumo | D1: Tipo | E1: Quantidade | F1: Turno | G1: Quem
A2: M0001 | B2: 46314.062 | C2: etq-termica-100x150 | D2: Saída | E2: 2 | F2: T2 | G2: Diegorocha
A3: M0002 | B3: 46318.649 | C3: etq-termica-100x100 | D3: Saída | E3: 3 | F3: T2 | G3: Diegorocha
A4: M0003 | B4: 46318.653 | C4: gaylord | D4: Saída | E4: 10 | F4: T2 | G4: Diegorocha
A5: M0004 | B5: 46323 | C5: estilete | D5: Contagem | E5: 2040 | F5: T2 | G5: Saldo inicial (migração)
A6: M0005 | B6: 46323 | C6: shipping-100x100 | D6: Contagem | E6: 704 | F6: T2 | G6: Saldo inicial (migração)
A7: M0006 | B7: 46323 | C7: shipping-100x150 | D7: Contagem | E7: 339 | F7: T2 | G7: Saldo inicial (migração)
A8: M0007 | B8: 46323 | C8: etq-termica-100x100 | D8: Contagem | E8: 277 | F8: T2 | G8: Saldo inicial (migração)
A9: M0008 | B9: 46323 | C9: etq-termica-100x150 | D9: Contagem | E9: 89 | F9: T2 | G9: Saldo inicial (migração)
A10: M0009 | B10: 46323 | C10: fita-adesiva | D10: Contagem | E10: 1625 | F10: T2 | G10: Saldo inicial (migração)
A11: M0010 | B11: 46323 | C11: fita-transp-personalizada | D11: Contagem | E11: 288 | F11: T2 | G11: Saldo inicial (migração)
A12: M0011 | B12: 46323 | C12: fita-antiderrapante | D12: Contagem | E12: 80 | F12: T2 | G12: Saldo inicial (migração)
A13: M0012 | B13: 46323 | C13: fita-dem-amarela | D13: Contagem | E13: 108 | F13: T2 | G13: Saldo inicial (migração)
... A29: M0028 | B29: 46323 | C29: sulfite-a4 | D29: Contagem | E29: 200 | F29: T2 | G29: Saldo inicial (migração)
